{"session_id": "0cd415a2-5d60-44fe-b911-fd8ff3beff20", "session_name": null, "start_time": 1763341966.8208318, "end_time": 1763341976.5954792, "runs": []}