{"session_id": "0eb48e5d-9e9e-4aa7-ba65-13e5ab42caa5", "session_name": null, "start_time": 1763341003.4159052, "end_time": 1763341012.6360693, "runs": []}