{"session_id": "161ae563-dcb7-4edd-a13b-4512fda06f20", "session_name": null, "start_time": 1763340887.166081, "end_time": 1763340895.8049104, "runs": []}