{"session_id": "4828d235-9352-4509-9a4a-3cb1f5cc6c59", "session_name": null, "start_time": 1763340498.2730005, "end_time": 1763340498.274154, "runs": []}