{"session_id": "54fc7c26-40ee-45e0-b35f-de68d4906f9b", "session_name": null, "start_time": 1763340613.7544935, "end_time": 1763340654.2914698, "runs": []}