{"session_id": "65c3eae7-d969-428f-8ca8-d8f43f8d20ce", "session_name": null, "start_time": 1763341108.6069653, "end_time": 1763341117.7181203, "runs": []}