{"session_id": "662df6f7-348d-40d6-8a42-64ef5a5839b4", "session_name": null, "start_time": 1763342870.0472414, "end_time": 1763342879.805973, "runs": []}