{"session_id": "728964c6-b809-42bf-8c60-53408a09a6b3", "session_name": null, "start_time": 1763342205.884576, "end_time": 1763342214.626637, "runs": []}