{"session_id": "9b56b0e3-80a8-4ee5-be4a-d80ee0d73ce5", "session_name": null, "start_time": 1763343070.9762003, "end_time": 1763343070.9800324, "runs": []}