{"session_id": "b5dc44fb-04ed-4a92-952a-a31241052cd3", "session_name": null, "start_time": 1763340528.4151871, "end_time": 1763340530.7358437, "runs": []}