{"session_id": "cca1d8da-ff35-4c4e-8fdb-268788694564", "session_name": null, "start_time": 1763340855.219268, "end_time": 1763340864.5214624, "runs": []}