{"session_id": "ead90449-3588-4de3-a648-4a18186e0233", "session_name": null, "start_time": 1763340730.6125424, "end_time": 1763340745.719622, "runs": []}