{"session_id": "f190c9d3-e87f-4866-bfd2-4b9d66285468", "session_name": null, "start_time": 1763340601.7390025, "end_time": 1763340602.9473686, "runs": []}